datetime,cpu_percent,memory_percent,memory_used_mb,bytes_sent_total,bytes_recv_total,bytes_sent_1sec,bytes_recv_1sec
2026-09-15 14:01:21,17.1,48.5,15759.66,832374795,8692518148,5102,7957
2026-09-15 14:01:22,10.2,48.5,15753.9,832383747,8692555081,8952,36933
2026-09-15 14:01:23,8.5,48.5,15748.74,832388914,8692566745,5167,11664
2026-09-15 14:01:24,4.6,48.4,15730.71,832391438,8692576578,2524,9833
2026-09-15 14:01:25,8.2,48.4,15721.99,832392685,8692584395,1247,7817
2026-09-15 14:01:26,9.0,48.4,15715.75,832393772,8692587501,1087,3106
2026-09-15 14:01:27,10.4,48.5,15743.77,832413883,8692594215,20111,6714
2026-09-15 14:01:28,5.5,48.4,15723.71,832417006,8692604647,3123,10432
2026-09-15 14:01:29,9.1,48.4,15731.07,832417963,8692607016,957,2369
2026-09-15 14:01:30,20.4,48.4,15736.76,832419369,8692609576,1406,2560
2026-09-15 14:01:31,26.0,48.7,15826.44,832428386,8692624378,9017,14802
2026-09-15 14:01:32,19.9,48.7,15825.0,832434041,8692627233,5655,2855
2026-09-15 14:01:33,8.6,48.7,15830.13,832438986,8692633053,4945,5820
2026-09-15 14:01:34,8.3,48.7,15830.44,832442080,8692645130,3094,12077
2026-09-15 14:01:35,9.9,48.7,15829.18,832442799,8692648243,719,3113
2026-09-15 14:01:36,9.7,48.7,15838.48,832444316,8692653819,1517,5576
2026-09-15 14:01:37,12.7,48.8,15842.87,832445868,8692657235,1552,3416
2026-09-15 14:01:38,25.9,48.7,15818.55,832461433,8692665981,15565,8746
2026-09-15 14:01:39,15.3,48.6,15798.25,832467031,8692673776,5598,7795
2026-09-15 14:01:40,17.3,48.7,15809.38,832469171,8692680717,2140,6941
2026-09-15 14:01:41,28.1,48.6,15799.89,832501067,8692685438,31896,4721
2026-09-15 14:01:42,12.6,48.6,15792.17,832502614,8692705729,1547,20291
2026-09-15 14:01:43,19.2,48.5,15770.4,832507948,8692714255,5334,8526
2026-09-15 14:01:44,10.2,48.6,15783.96,832509690,8692720966,1742,6711
2026-09-15 14:01:45,14.4,48.6,15787.79,832516458,8692735898,6768,14932
2026-09-15 14:01:46,12.2,48.6,15784.86,832518245,8692743039,1787,7141
2026-09-15 14:01:47,10.9,48.6,15783.24,832519582,8692747943,1337,4904
2026-09-15 14:01:48,11.2,48.6,15788.88,832520174,8692752076,592,4133
2026-09-15 14:01:49,27.5,48.6,15797.17,832521917,8692757240,1743,5164
2026-09-15 14:01:50,15.8,48.6,15789.39,832523651,8692761332,1734,4092
2026-09-15 14:01:51,19.1,48.6,15788.48,832529122,8692766182,5471,4850
2026-09-15 14:01:52,11.0,48.6,15790.81,832529946,8692769591,824,3409
2026-09-15 14:01:53,11.9,48.8,15839.44,832535662,8692793608,5716,24017
2026-09-15 14:01:54,12.9,48.8,15839.93,832537308,8692800414,1646,6806
2026-09-15 14:01:55,15.7,48.7,15834.08,832539382,8692814540,2074,14126
2026-09-15 14:01:56,6.7,48.8,15844.48,832540779,8692820250,1397,5710
2026-09-15 14:01:57,11.6,48.7,15831.75,832541923,8692823882,1144,3632
2026-09-15 14:01:58,11.6,48.7,15834.29,832543733,8692831794,1810,7912
2026-09-15 14:02:00,12.0,48.7,15820.33,832544599,8692834954,866,3160
2026-09-15 14:02:01,12.6,48.6,15800.22,832545985,8692840758,1386,5804
2026-09-15 14:02:02,11.5,48.7,15810.48,832547796,8692848044,1811,7286
2026-09-15 14:02:03,10.0,48.7,15816.47,832549184,8692854219,1388,6175
2026-09-15 14:02:04,10.0,48.7,15810.98,832551574,8692860114,2390,5895
2026-09-15 14:02:05,8.9,48.7,15812.97,832553550,8692872566,1976,12452
2026-09-15 14:02:06,10.2,48.7,15808.55,832554629,8692878790,1079,6224
2026-09-15 14:02:07,6.8,48.7,15813.86,832555828,8692882117,1199,3327
2026-09-15 14:02:08,13.1,48.7,15809.98,832556896,8692885688,1068,3571
2026-09-15 14:02:09,11.3,48.7,15812.85,832558414,8692889243,1518,3555
2026-09-15 14:02:10,14.6,48.7,15820.17,832559737,8692893142,1323,3899
2026-09-15 14:02:11,12.4,48.7,15822.88,832561111,8692932110,1374,38968
2026-09-15 14:02:12,14.8,48.8,15851.48,832562842,8692957244,1731,25134
2026-09-15 14:02:13,14.4,48.9,15876.86,832578835,8692980155,15993,22911
2026-09-15 14:02:14,7.8,48.9,15874.34,832581244,8692995251,2409,15096
2026-09-15 14:02:15,7.7,48.8,15871.2,832583239,8693021360,1995,26109
2026-09-15 14:02:16,18.6,48.8,15870.28,832599505,8693039956,16266,18596
2026-09-15 14:02:17,12.7,48.9,15880.3,832601121,8693060004,1616,20048
2026-09-15 14:02:18,12.9,48.8,15861.62,832602459,8693097305,1338,37301
2026-09-15 14:02:19,14.6,48.8,15865.09,832606853,8693115721,4394,18416
2026-09-15 14:02:20,18.7,48.7,15819.36,832609736,8693509726,2883,394005
2026-09-15 14:02:21,20.6,48.7,15826.73,832613465,8693527115,3729,17389
2026-09-15 14:02:22,13.1,48.8,15841.66,832615379,8693542803,1914,15688
2026-09-15 14:02:23,8.0,48.7,15834.3,832616746,8693550166,1367,7363
2026-09-15 14:02:24,14.4,48.7,15827.2,832619211,8693596116,2465,45950
2026-09-15 14:02:25,14.0,48.6,15795.71,832622302,8693635769,3091,39653
2026-09-15 14:02:26,11.8,48.6,15791.95,832623444,8693646092,1142,10323
2026-09-15 14:02:27,12.5,48.7,15811.16,832637763,8693717158,14319,71066
2026-09-15 14:02:28,14.4,48.7,15818.37,832641043,8693744646,3280,27488
2026-09-15 14:02:29,15.9,48.6,15795.47,832642024,8693756281,981,11635
2026-09-15 14:02:30,12.8,48.7,15812.01,832644039,8693776240,2015,19959
2026-09-15 14:02:31,10.5,48.7,15812.02,832645288,8693785767,1249,9527
2026-09-15 14:02:32,10.8,48.6,15804.56,832649555,8693798763,4267,12996
2026-09-15 14:02:33,8.2,48.7,15806.99,832650563,8693805849,1008,7086
2026-09-15 14:02:34,9.2,48.7,15807.78,832653151,8693835470,2588,29621
2026-09-15 14:02:35,10.9,48.7,15816.41,832654208,8693857315,1057,21845
2026-09-15 14:02:36,13.0,48.7,15815.89,832655773,8693867870,1565,10555
2026-09-15 14:02:37,7.1,48.7,15819.17,832657004,8693877558,1231,9688
2026-09-15 14:02:38,6.8,48.7,15814.55,832658078,8693883129,1074,5571
2026-09-15 14:02:39,11.3,48.7,15816.41,832662322,8693895556,4244,12427
2026-09-15 14:02:40,8.8,48.7,15834.65,832665195,8693906818,2873,11262
2026-09-15 14:02:41,16.7,48.8,15846.22,832666414,8693925433,1219,18615
2026-09-15 14:02:42,26.9,48.0,15593.29,832677384,8693941988,10970,16555
2026-09-15 14:02:43,31.8,48.1,15624.33,832684846,8693970060,7462,28072
2026-09-15 14:02:44,19.9,48.2,15646.97,832685854,8693971375,1008,1315
2026-09-15 14:02:45,21.8,48.3,15680.56,832690915,8693975411,5061,4036
2026-09-15 14:02:46,5.2,48.3,15684.18,832714217,8693977617,23302,2206
2026-09-15 14:02:47,11.3,48.3,15680.82,832727745,8694001363,13528,23746
2026-09-15 14:02:48,11.6,48.2,15654.04,832728830,8694005652,1085,4289
2026-09-15 14:02:49,14.3,48.1,15619.67,832729710,8694006491,880,839
